{
    "metadata": {
        "name": "69shuba_tw",
        "author": "Hiro",
        "version": 3,
        "source": "https://69shuba.tw",
        "regexp": "(www\\.)?69shuba\\.tw/book/\\d+",
        "description": "Đọc truyện trên 69shuba tw",
        "locale": "zh_CN",
        "language": "javascript",
        "type": "chinese_novel"
    },
    "script": {
        "detail": "detail.js",
        "page": "page.js", 
        "toc": "toc.js",
        "chap": "chap.js"
    }
}